gender,age,debt,married,bank_customer,education_level,ethnicity,years_employed,prior_default,employed,credit_score,drivers_license,citizen,zip_code,income,approved,dt_prediction,dt_probability,svm_prediction,svm_probability,record_id
b,30.83,0.0,u,g,w,v,1.25,t,t,1,f,g,202.0,0,1,1,0.8349,1,0.7506,1
a,58.67,4.46,u,g,q,h,3.04,t,t,6,f,g,43.0,560,1,1,1.0,1,0.9437,2
a,24.5,0.5,u,g,q,h,1.5,t,f,0,f,g,280.0,824,1,1,0.9286,0,0.5056,3
b,27.83,1.54,u,g,w,v,3.75,t,t,5,t,g,100.0,3,1,1,0.8349,1,0.9188,4
b,20.17,5.625,u,g,w,v,1.71,t,f,0,f,s,120.0,0,1,0,0.4471,1,0.5435,5
b,32.08,4.0,u,g,m,v,2.5,t,f,0,t,g,360.0,0,1,0,0.4471,1,0.537,6
b,33.17,1.04,u,g,r,h,6.5,t,f,0,t,g,164.0,31285,1,1,0.9286,1,0.9715,7
a,22.92,11.585,u,g,cc,v,0.04,t,f,0,f,g,80.0,1349,1,1,0.9286,1,0.5278,8
b,54.42,0.5,y,p,k,h,3.96,t,f,0,f,g,180.0,314,1,0,0.4471,0,0.3555,9
b,42.5,4.915,y,p,w,v,3.165,t,f,0,t,g,52.0,1442,1,1,0.9286,1,0.7783,10
b,22.08,0.83,u,g,c,h,2.165,f,f,0,t,g,128.0,0,1,0,0.1186,0,0.2088,11
b,29.92,1.835,u,g,c,h,4.335,t,f,0,f,g,260.0,200,1,0,0.4471,1,0.6841,12
a,38.25,6.0,u,g,k,v,1.0,t,f,0,t,g,0.0,0,1,0,0.4471,1,0.6412,13
b,48.08,6.04,u,g,k,v,0.04,f,f,0,f,g,0.0,2690,1,0,0.0279,0,0.145,14
a,45.83,10.5,u,g,q,v,5.0,t,t,7,t,g,0.0,0,1,1,0.8349,1,0.9807,15
b,36.67,4.415,y,p,k,v,0.25,t,t,10,t,g,320.0,0,1,1,0.8349,1,0.8904,16
b,28.25,0.875,u,g,m,v,0.96,t,t,3,t,g,396.0,0,1,1,0.8349,1,0.7006,17
a,23.25,5.875,u,g,q,v,3.17,t,t,10,f,g,120.0,245,1,1,0.8349,1,0.9553,18
b,21.83,0.25,u,g,d,h,0.665,t,f,0,t,g,0.0,0,1,0,0.4471,0,0.4647,19
a,19.17,8.585,u,g,cc,h,0.75,t,t,7,f,g,96.0,0,1,1,0.8349,1,0.9379,20
b,25.0,11.25,u,g,c,v,2.5,t,t,17,f,g,200.0,1208,1,1,1.0,1,0.9841,21
b,23.25,1.0,u,g,c,v,0.835,t,f,0,f,s,300.0,0,1,0,0.4471,0,0.419,22
a,47.75,8.0,u,g,c,v,7.875,t,t,6,t,g,0.0,1260,1,1,1.0,1,0.9567,23
a,27.42,14.5,u,g,x,h,3.085,t,t,1,f,g,120.0,11,1,1,0.8349,1,0.9578,24
a,41.17,6.5,u,g,q,v,0.5,t,t,3,t,g,145.0,0,1,1,0.8349,1,0.8786,25
a,15.83,0.585,u,g,c,h,1.5,t,t,2,f,g,100.0,0,1,1,0.8349,1,0.8921,26
a,47.0,13.0,u,g,i,bb,5.165,t,t,9,t,g,0.0,0,1,1,0.8349,1,0.8882,27
b,56.58,18.5,u,g,d,bb,15.0,t,t,17,t,g,0.0,0,1,1,0.8349,1,0.98,28
b,57.42,8.5,u,g,e,h,7.0,t,t,3,f,g,0.0,0,1,1,0.8349,1,0.8635,29
b,42.08,1.04,u,g,w,v,5.0,t,t,6,t,g,500.0,10000,1,1,1.0,1,0.9609,30
b,29.25,14.79,u,g,aa,v,5.04,t,t,5,t,g,168.0,0,1,1,0.8349,1,0.9074,31
b,42.0,9.79,u,g,x,h,7.96,t,t,8,f,g,0.0,0,1,1,0.8349,1,0.9903,32
b,49.5,7.585,u,g,i,bb,7.585,t,t,15,t,g,0.0,5000,1,1,1.0,1,0.9726,33
a,36.75,5.125,u,g,e,v,5.0,t,f,0,t,g,0.0,4000,1,1,0.9286,1,0.77,34
a,22.58,10.75,u,g,q,v,0.415,t,t,5,t,g,0.0,560,1,1,1.0,1,0.9205,35
b,27.83,1.5,u,g,w,v,2.0,t,t,11,t,g,434.0,35,1,1,0.8349,1,0.9251,36
b,27.25,1.585,u,g,cc,h,1.835,t,t,12,t,g,583.0,713,1,1,1.0,1,0.9332,37
a,23.0,11.75,u,g,x,h,0.5,t,t,2,t,g,300.0,551,1,1,1.0,1,0.925,38
b,27.75,0.585,y,p,cc,v,0.25,t,t,2,f,g,260.0,500,1,1,0.8349,1,0.6195,39
b,54.58,9.415,u,g,ff,ff,14.415,t,t,11,t,g,30.0,300,1,1,0.8349,1,0.9808,40
b,34.17,9.17,u,g,c,v,4.5,t,t,12,t,g,0.0,221,1,1,0.8349,1,0.9735,41
b,28.92,15.0,u,g,c,h,5.335,t,t,11,f,g,0.0,2283,1,1,1.0,1,0.9891,42
b,29.67,1.415,u,g,w,h,0.75,t,t,1,f,g,240.0,100,1,1,0.8349,1,0.8375,43
b,39.58,13.915,u,g,w,v,8.625,t,t,6,t,g,70.0,0,1,1,0.8349,1,0.9873,44
b,56.42,28.0,y,p,c,v,28.5,t,t,40,f,g,0.0,15,1,1,0.8349,1,0.925,45
b,54.33,6.75,u,g,c,h,2.625,t,t,11,t,g,0.0,284,1,1,0.8349,1,0.9619,46
a,41.0,2.04,y,p,q,h,0.125,t,t,23,t,g,455.0,1236,1,1,1.0,1,0.9691,47
b,31.92,4.46,u,g,cc,h,6.04,t,t,3,f,g,311.0,300,1,1,0.8349,1,0.8951,48
b,41.5,1.54,u,g,i,bb,3.5,f,f,0,f,g,216.0,0,1,0,0.1186,0,0.0484,49
b,23.92,0.665,u,g,c,v,0.165,f,f,0,f,g,100.0,0,1,0,0.0279,0,0.0724,50
a,25.75,0.5,u,g,c,h,0.875,t,f,0,t,g,491.0,0,1,0,0.4471,0,0.4605,51
b,26.0,1.0,u,g,q,v,1.75,t,f,0,t,g,280.0,0,1,0,0.4471,0,0.5,52
b,37.42,2.04,u,g,w,v,0.04,t,f,0,t,g,400.0,5800,1,1,0.9286,1,0.7178,53
b,34.92,2.5,u,g,w,v,0.0,t,f,0,t,g,239.0,200,1,0,0.4471,1,0.6448,54
b,34.25,3.0,u,g,cc,h,7.415,t,f,0,t,g,0.0,0,1,0,0.4471,1,0.7842,55
b,23.33,11.625,y,p,w,v,0.835,t,f,0,t,g,160.0,300,1,0,0.4471,1,0.6821,56
b,23.17,0.0,u,g,cc,v,0.085,t,f,0,f,g,0.0,0,1,0,0.4471,0,0.4032,57
b,44.33,0.5,u,g,i,h,5.0,t,f,0,t,g,320.0,0,1,0,0.4471,0,0.3672,58
b,35.17,4.5,u,g,x,h,5.75,f,f,0,t,s,711.0,0,1,0,0.1186,0,0.3944,59
b,43.25,3.0,u,g,q,h,6.0,t,t,11,f,g,80.0,0,1,1,0.8349,1,0.98,60
b,56.75,12.25,u,g,m,v,1.25,t,t,4,t,g,200.0,0,1,1,0.8349,1,0.9324,61
b,31.67,16.165,u,g,d,v,3.0,t,t,9,f,g,250.0,730,1,1,1.0,1,0.9473,62
a,23.42,0.79,y,p,q,v,1.5,t,t,2,t,g,80.0,400,1,1,0.8349,1,0.6601,63
a,20.42,0.835,u,g,q,v,1.585,t,t,1,f,g,0.0,0,1,1,0.8349,1,0.7258,64
b,26.67,4.25,u,g,cc,v,4.29,t,t,1,t,g,120.0,0,1,1,0.8349,1,0.8065,65
b,34.17,1.54,u,g,cc,v,1.54,t,t,1,t,g,520.0,50000,1,1,1.0,1,0.9639,66
a,36.0,1.0,u,g,c,v,2.0,t,t,11,f,g,0.0,456,1,1,0.8349,1,0.9572,67
b,25.5,0.375,u,g,m,v,0.25,t,t,3,f,g,260.0,15108,1,1,1.0,1,0.9251,68
b,19.42,6.5,u,g,w,h,1.46,t,t,7,f,g,80.0,2954,1,1,1.0,1,0.9656,69
b,35.17,25.125,u,g,x,h,1.625,t,t,1,t,g,515.0,500,1,1,0.8349,1,0.925,70
b,32.33,7.5,u,g,e,bb,1.585,t,f,0,t,s,420.0,0,0,0,0.4471,0,0.1718,71
b,34.83,4.0,u,g,d,bb,12.5,t,f,0,t,g,,0,0,0,0.4471,1,0.7825,72
a,38.58,5.0,u,g,cc,v,13.5,t,f,0,t,g,980.0,0,0,0,0.4471,0,0.4841,73
b,44.25,0.5,u,g,m,v,10.75,t,f,0,f,s,400.0,0,0,0,0.4471,1,0.6259,74
b,44.83,7.0,y,p,c,v,1.625,f,f,0,f,g,160.0,2,0,0,0.1186,0,0.0662,75
b,20.67,5.29,u,g,q,v,0.375,t,t,1,f,g,160.0,0,0,1,0.8349,1,0.7165,76
b,34.08,6.5,u,g,aa,v,0.125,t,f,0,t,g,443.0,0,0,0,0.4471,0,0.3536,77
a,19.17,0.585,y,p,aa,v,0.585,t,f,0,t,g,160.0,0,0,0,0.4471,0,0.352,78
b,21.67,1.165,y,p,k,v,2.5,t,t,1,f,g,180.0,20,0,1,0.8349,1,0.5633,79
b,21.5,9.75,u,g,c,v,0.25,t,f,0,f,g,140.0,0,0,0,0.4471,0,0.4505,80
b,49.58,19.0,u,g,ff,ff,0.0,t,t,1,f,g,94.0,0,0,1,0.8349,0,0.4533,81
a,27.67,1.5,u,g,m,v,2.0,t,f,0,f,s,368.0,0,0,0,0.4471,0,0.2551,82
b,39.83,0.5,u,g,m,v,0.25,t,f,0,f,s,288.0,0,0,0,0.4471,0,0.2812,83
a,,3.5,u,g,d,v,3.0,t,f,0,t,g,300.0,0,0,0,0.4471,0,0.4637,84
b,27.25,0.625,u,g,aa,v,0.455,t,f,0,t,g,200.0,0,0,0,0.4471,0,0.3941,85
b,37.17,4.0,u,g,c,bb,5.0,t,f,0,t,s,280.0,0,0,0,0.4471,1,0.6222,86
b,,0.375,u,g,d,v,0.875,t,f,0,t,s,928.0,0,0,0,0.4471,0,0.2029,87
b,25.67,2.21,y,p,aa,v,4.0,t,f,0,f,g,188.0,0,0,0,0.4471,0,0.4367,88
b,34.0,4.5,u,g,aa,v,1.0,t,f,0,t,g,240.0,0,0,0,0.4471,0,0.4078,89
a,49.0,1.5,u,g,j,j,0.0,t,f,0,t,g,100.0,27,0,0,0.4471,0,0.3562,90
b,62.5,12.75,y,p,c,h,5.0,t,f,0,f,g,112.0,0,0,0,0.4471,0,0.4281,91
b,31.42,15.5,u,g,c,v,0.5,t,f,0,f,g,120.0,0,0,0,0.4471,0,0.4685,92
b,,5.0,y,p,aa,v,8.5,t,f,0,f,g,0.0,0,0,0,0.4471,1,0.6094,93
b,52.33,1.375,y,p,c,h,9.46,t,f,0,t,g,200.0,100,0,0,0.4471,1,0.5958,94
b,28.75,1.5,y,p,c,v,1.5,t,f,0,t,g,0.0,225,0,0,0.4471,0,0.3565,95
a,28.58,3.54,u,g,i,bb,0.5,t,f,0,t,g,171.0,0,0,0,0.4471,0,0.2138,96
b,23.0,0.625,y,p,aa,v,0.125,t,f,0,f,g,180.0,1,0,0,0.4471,0,0.3195,97
b,,0.5,u,g,c,bb,0.835,t,f,0,t,s,320.0,0,0,0,0.4471,0,0.4901,98
a,22.5,11.0,y,p,q,v,3.0,t,f,0,t,g,268.0,0,0,0,0.4471,1,0.5736,99
a,28.5,1.0,u,g,q,v,1.0,t,t,2,t,g,167.0,500,0,1,0.8349,1,0.7596,100
b,37.5,1.75,y,p,c,bb,0.25,t,f,0,t,g,164.0,400,0,0,0.4471,0,0.357,101
b,35.25,16.5,y,p,c,v,4.0,t,f,0,f,g,80.0,0,0,0,0.4471,0,0.4888,102
b,18.67,5.0,u,g,q,v,0.375,t,t,2,f,g,0.0,38,0,1,0.8349,1,0.7864,103
b,25.0,12.0,u,g,k,v,2.25,t,t,2,t,g,120.0,5,0,1,0.8349,1,0.8618,104
b,27.83,4.0,y,p,i,h,5.75,t,t,2,t,g,75.0,0,0,1,0.8349,1,0.6971,105
b,54.83,15.5,u,g,e,z,0.0,t,t,20,f,g,152.0,130,0,1,0.8349,1,0.9795,106
b,28.75,1.165,u,g,k,v,0.5,t,f,0,f,s,280.0,0,0,0,0.4471,0,0.226,107
a,25.0,11.0,y,p,aa,v,4.5,t,f,0,f,g,120.0,0,0,0,0.4471,1,0.5374,108
b,40.92,2.25,y,p,x,h,10.0,t,f,0,t,g,176.0,0,0,0,0.4471,1,0.8918,109
a,19.75,0.75,u,g,c,v,0.795,t,t,5,t,g,140.0,5,0,1,0.8349,1,0.8442,110
b,29.17,3.5,u,g,w,v,3.5,t,t,3,t,g,329.0,0,0,1,0.8349,1,0.8755,111
a,24.5,1.04,y,p,ff,ff,0.5,t,t,3,f,g,180.0,147,0,1,0.8349,0,0.4121,112
b,24.58,12.5,u,g,w,v,0.875,t,f,0,t,g,260.0,0,0,0,0.4471,1,0.7758,113
a,33.75,0.75,u,g,k,bb,1.0,t,t,3,t,g,212.0,0,0,1,0.8349,1,0.5287,114
b,20.67,1.25,y,p,c,h,1.375,t,t,3,t,g,140.0,210,0,1,0.8349,1,0.7913,115
a,25.42,1.125,u,g,q,v,1.29,t,t,2,f,g,200.0,0,0,1,0.8349,1,0.7115,116
b,37.75,7.0,u,g,q,h,11.5,t,t,7,t,g,300.0,5,0,1,0.8349,1,0.9773,117
b,52.5,6.5,u,g,k,v,6.29,t,t,15,f,g,0.0,11202,1,1,1.0,1,0.9969,118
b,57.83,7.04,u,g,m,v,14.0,t,t,6,t,g,360.0,1332,1,1,1.0,1,0.9787,119
a,20.75,10.335,u,g,cc,h,0.335,t,t,1,t,g,80.0,50,1,1,0.8349,1,0.8058,120
b,39.92,6.21,u,g,q,v,0.04,t,t,1,f,g,200.0,300,1,1,0.8349,1,0.7981,121
b,25.67,12.5,u,g,cc,v,1.21,t,t,67,t,g,140.0,258,1,1,0.8349,1,0.925,122
a,24.75,12.5,u,g,aa,v,1.5,t,t,12,t,g,120.0,567,1,1,1.0,1,0.9613,123
a,44.17,6.665,u,g,q,v,7.375,t,t,3,t,g,0.0,0,1,1,0.8349,1,0.9655,124
a,23.5,9.0,u,g,q,v,8.5,t,t,5,t,g,120.0,0,1,1,0.8349,1,0.9657,125
b,34.92,5.0,u,g,x,h,7.5,t,t,6,t,g,0.0,1000,1,1,1.0,1,0.9858,126
b,47.67,2.5,u,g,m,bb,2.5,t,t,12,t,g,410.0,2510,1,1,1.0,1,0.883,127
b,22.75,11.0,u,g,q,v,2.5,t,t,7,t,g,100.0,809,1,1,1.0,1,0.9564,128
b,34.42,4.25,u,g,i,bb,3.25,t,t,2,f,g,274.0,610,1,1,1.0,0,0.4781,129
a,28.42,3.5,u,g,w,v,0.835,t,f,0,f,s,280.0,0,1,0,0.4471,0,0.4233,130
b,67.75,5.5,u,g,e,z,13.0,t,t,1,t,g,0.0,0,1,1,0.8349,1,0.925,131
b,20.42,1.835,u,g,c,v,2.25,t,t,1,f,g,100.0,150,1,1,0.8349,1,0.7628,132
a,47.42,8.0,u,g,e,bb,6.5,t,t,6,f,g,375.0,51100,1,1,1.0,1,0.9238,133
b,36.25,5.0,u,g,c,bb,2.5,t,t,6,f,g,0.0,367,1,1,0.8349,1,0.925,134
b,32.67,5.5,u,g,q,h,5.5,t,t,12,t,g,408.0,1000,1,1,1.0,1,0.9741,135
b,48.58,6.5,u,g,q,h,6.0,t,f,0,t,g,350.0,0,1,0,0.4471,1,0.7668,136
b,39.92,0.54,y,p,aa,v,0.5,t,t,3,f,g,200.0,1000,1,1,1.0,1,0.6922,137
b,33.58,2.75,u,g,m,v,4.25,t,t,6,f,g,204.0,0,1,1,0.8349,1,0.9199,138
a,18.83,9.5,u,g,w,v,1.625,t,t,6,t,g,40.0,600,1,1,1.0,1,0.9389,139
a,26.92,13.5,u,g,q,h,5.0,t,t,2,f,g,0.0,5000,1,1,1.0,1,0.9643,140
a,31.25,3.75,u,g,cc,h,0.625,t,t,9,t,g,181.0,0,1,1,0.8349,1,0.9351,141
a,56.5,16.0,u,g,j,ff,0.0,t,t,15,f,g,0.0,247,1,1,0.8349,1,0.9431,142
b,43.0,0.29,y,p,cc,h,1.75,t,t,8,f,g,100.0,375,1,1,0.8349,1,0.8517,143
b,22.33,11.0,u,g,w,v,2.0,t,t,1,f,g,80.0,278,1,1,0.8349,1,0.8981,144
b,27.25,1.665,u,g,cc,h,5.085,t,t,9,f,g,399.0,827,1,1,1.0,1,0.9569,145
b,32.83,2.5,u,g,cc,h,2.75,t,t,6,f,g,160.0,2072,1,1,1.0,1,0.9312,146
b,23.25,1.5,u,g,q,v,2.375,t,t,3,t,g,0.0,582,1,1,1.0,1,0.8626,147
a,40.33,7.54,y,p,q,h,8.0,t,t,14,f,g,0.0,2300,1,1,1.0,1,0.9862,148
a,30.5,6.5,u,g,c,bb,4.0,t,t,7,t,g,0.0,3065,1,1,1.0,1,0.9668,149
a,52.83,15.0,u,g,c,v,5.5,t,t,14,f,g,0.0,2200,1,1,1.0,1,0.9832,150
a,46.67,0.46,u,g,cc,h,0.415,t,t,11,t,g,440.0,6,1,1,0.8349,1,0.8994,151
a,58.33,10.0,u,g,q,v,4.0,t,t,14,f,g,0.0,1602,1,1,1.0,1,0.9917,152
b,37.33,6.5,u,g,m,h,4.25,t,t,12,t,g,93.0,0,1,1,0.8349,1,0.9784,153
b,23.08,2.5,u,g,c,v,1.085,t,t,11,t,g,60.0,2184,1,1,1.0,1,0.956,154
b,32.75,1.5,u,g,cc,h,5.5,t,t,3,t,g,0.0,0,1,1,0.8349,1,0.9195,155
a,21.67,11.5,y,p,j,j,0.0,t,t,11,t,g,0.0,0,1,1,0.8349,1,0.9029,156
a,28.5,3.04,y,p,x,h,2.54,t,t,1,f,g,70.0,0,1,1,0.8349,1,0.8638,157
a,68.67,15.0,u,g,e,z,0.0,t,t,14,f,g,0.0,3376,1,1,1.0,1,0.972,158
b,28.0,2.0,u,g,k,h,4.165,t,t,2,t,g,181.0,0,1,1,0.8349,1,0.7782,159
b,34.08,0.08,y,p,m,bb,0.04,t,t,1,t,g,280.0,2000,1,1,1.0,0,0.3923,160
b,27.67,2.0,u,g,x,h,1.0,t,t,4,f,g,140.0,7544,1,1,1.0,1,0.9589,161
b,44.0,2.0,u,g,m,v,1.75,t,t,2,t,g,0.0,15,1,1,0.8349,1,0.8688,162
b,25.08,1.71,u,g,x,v,1.665,t,t,1,t,g,395.0,20,1,1,0.8349,1,0.7591,163
b,32.0,1.75,y,p,e,h,0.04,t,f,0,t,g,393.0,0,1,0,0.4471,0,0.1272,164
a,60.58,16.5,u,g,q,v,11.0,t,f,0,t,g,21.0,10561,1,1,0.9286,1,0.9827,165
a,40.83,10.0,u,g,q,h,1.75,t,f,0,f,g,29.0,837,1,1,0.9286,1,0.775,166
b,19.33,9.5,u,g,q,v,1.0,t,f,0,t,g,60.0,400,1,0,0.4471,1,0.6953,167
a,32.33,0.54,u,g,cc,v,0.04,t,f,0,f,g,440.0,11177,1,1,0.9286,1,0.6906,168
b,36.67,3.25,u,g,q,h,9.0,t,f,0,t,g,102.0,639,1,1,0.9286,1,0.8814,169
b,37.5,1.125,y,p,d,v,1.5,f,f,0,t,g,431.0,0,1,0,0.1186,0,0.0419,170
a,25.08,2.54,y,p,aa,v,0.25,t,f,0,t,g,370.0,0,1,0,0.4471,0,0.3283,171
b,41.33,0.0,u,g,c,bb,15.0,t,f,0,f,g,0.0,0,1,0,0.4471,1,0.9024,172
b,56.0,12.5,u,g,k,h,8.0,t,f,0,t,g,24.0,2028,1,1,0.9286,1,0.8479,173
a,49.83,13.585,u,g,k,h,8.5,t,f,0,t,g,0.0,0,1,0,0.4471,1,0.8491,174
b,22.67,10.5,u,g,q,h,1.335,t,f,0,f,g,100.0,0,1,0,0.4471,1,0.701,175
b,27.0,1.5,y,p,w,v,0.375,t,f,0,t,g,260.0,1065,1,1,0.9286,0,0.4733,176
b,25.0,12.5,u,g,aa,v,3.0,t,f,0,t,s,20.0,0,1,0,0.4471,1,0.6171,177
a,26.08,8.665,u,g,aa,v,1.415,t,f,0,f,g,160.0,150,1,0,0.4471,1,0.5341,178
a,18.42,9.25,u,g,q,v,1.21,t,t,4,f,g,60.0,540,1,1,1.0,1,0.8812,179
b,20.17,8.17,u,g,aa,v,1.96,t,t,14,f,g,60.0,158,1,1,0.8349,1,0.9696,180
b,47.67,0.29,u,g,c,bb,15.0,t,t,20,f,g,0.0,15000,1,1,1.0,1,0.9933,181
a,21.25,2.335,u,g,i,bb,0.5,t,t,4,f,s,80.0,0,1,1,0.8349,0,0.5143,182
a,20.67,3.0,u,g,q,v,0.165,t,t,3,f,g,100.0,6,1,1,0.8349,1,0.7484,183
a,57.08,19.5,u,g,c,v,5.5,t,t,7,f,g,0.0,3000,1,1,1.0,1,0.9512,184
a,22.42,5.665,u,g,q,v,2.585,t,t,7,f,g,129.0,3257,1,1,1.0,1,0.9414,185
b,48.75,8.5,u,g,c,h,12.5,t,t,9,f,g,181.0,1655,1,1,1.0,1,0.985,186
b,40.0,6.5,u,g,aa,bb,3.5,t,t,1,f,g,0.0,500,1,1,0.8349,1,0.8996,187
b,40.58,5.0,u,g,c,v,5.0,t,t,7,f,g,0.0,3065,1,1,1.0,1,0.956,188
a,28.67,1.04,u,g,c,v,2.5,t,t,5,t,g,300.0,1430,1,1,1.0,1,0.8793,189
a,33.08,4.625,u,g,q,h,1.625,t,t,2,f,g,0.0,0,1,1,0.8349,1,0.8606,190
b,21.33,10.5,u,g,c,v,3.0,t,f,0,t,g,0.0,0,1,0,0.4471,1,0.5811,191
b,42.0,0.205,u,g,i,h,5.125,t,f,0,f,g,400.0,0,1,0,0.4471,0,0.3288,192
b,41.75,0.96,u,g,x,v,2.5,t,f,0,f,g,510.0,600,1,1,0.9286,1,0.6678,193
b,22.67,1.585,y,p,w,v,3.085,t,t,6,f,g,80.0,0,1,1,0.8349,1,0.8369,194
b,34.5,4.04,y,p,i,bb,8.5,t,t,7,t,g,195.0,0,1,1,0.8349,1,0.7757,195
b,28.25,5.04,y,p,c,bb,1.5,t,t,8,t,g,144.0,7,1,1,0.8349,1,0.8687,196
b,33.17,3.165,y,p,x,v,3.165,t,t,3,t,g,380.0,0,1,1,0.8349,1,0.8049,197
b,48.17,7.625,u,g,w,h,15.5,t,t,12,f,g,0.0,790,1,1,1.0,1,0.9937,198
b,27.58,2.04,y,p,aa,v,2.0,t,t,3,t,g,370.0,560,1,1,1.0,1,0.707,199
b,22.58,10.04,u,g,x,v,0.04,t,t,9,f,g,60.0,396,1,1,0.8349,1,0.9493,200
a,24.08,0.5,u,g,q,h,1.25,t,t,1,f,g,0.0,678,1,1,1.0,1,0.785,201
a,41.33,1.0,u,g,i,bb,2.25,t,f,0,t,g,0.0,300,1,0,0.4471,0,0.3029,202
b,24.83,2.75,u,g,c,v,2.25,t,t,6,f,g,,600,1,1,1.0,1,0.8986,203
a,20.75,10.25,u,g,q,v,0.71,t,t,2,t,g,49.0,0,1,1,0.8349,1,0.8549,204
b,36.33,2.125,y,p,w,v,0.085,t,t,1,f,g,50.0,1187,1,1,1.0,1,0.7313,205
a,35.42,12.0,u,g,q,h,14.0,t,t,8,f,g,0.0,6590,1,1,1.0,1,0.9941,206
a,71.58,0.0,,,,,0.0,f,f,0,f,p,,0,1,1,0.8,0,0.0989,207
b,28.67,9.335,u,g,q,h,5.665,t,t,6,f,g,381.0,168,1,1,0.8349,1,0.9373,208
b,35.17,2.5,u,g,k,v,4.5,t,t,7,f,g,150.0,1270,1,1,1.0,1,0.9463,209
b,39.5,4.25,u,g,c,bb,6.5,t,t,16,f,g,117.0,1210,1,1,1.0,1,0.986,210
b,39.33,5.875,u,g,cc,h,10.0,t,t,14,t,g,399.0,0,1,1,0.8349,1,0.9862,211
b,24.33,6.625,y,p,d,v,5.5,t,f,0,t,s,100.0,0,1,0,0.4471,0,0.4874,212
b,60.08,14.5,u,g,ff,ff,18.0,t,t,15,t,g,0.0,1000,1,1,1.0,1,0.9874,213
b,23.08,11.5,u,g,i,v,3.5,t,t,9,f,g,56.0,742,1,1,1.0,1,0.9625,214
b,26.67,2.71,y,p,cc,v,5.25,t,t,1,f,g,211.0,0,1,1,0.8349,1,0.731,215
b,48.17,3.5,u,g,aa,v,3.5,t,f,0,f,s,230.0,0,1,0,0.4471,1,0.53,216
b,41.17,4.04,u,g,cc,h,7.0,t,t,8,f,g,320.0,0,1,1,0.8349,1,0.9541,217
b,55.92,11.5,u,g,ff,ff,5.0,t,t,5,f,g,0.0,8851,1,1,1.0,1,0.925,218
b,53.92,9.625,u,g,e,v,8.665,t,t,5,f,g,0.0,0,1,1,0.8349,1,0.9569,219
a,18.92,9.25,y,p,c,v,1.0,t,t,4,t,g,80.0,500,1,1,0.8349,1,0.7944,220
a,50.08,12.54,u,g,aa,v,2.29,t,t,3,t,g,156.0,0,1,1,0.8349,1,0.8156,221
b,65.42,11.0,u,g,e,z,20.0,t,t,7,t,g,22.0,0,1,1,0.8349,1,0.9736,222
a,17.58,9.0,u,g,aa,v,1.375,t,f,0,t,g,0.0,0,1,0,0.4471,1,0.5552,223
a,18.83,9.54,u,g,aa,v,0.085,t,f,0,f,g,100.0,0,1,0,0.4471,0,0.51,224
a,37.75,5.5,u,g,q,v,0.125,t,f,0,t,g,228.0,0,1,0,0.4471,1,0.5965,225
b,23.25,4.0,u,g,c,bb,0.25,t,f,0,t,g,160.0,0,1,0,0.4471,1,0.6191,226
b,18.08,5.5,u,g,k,v,0.5,t,f,0,f,g,80.0,0,1,0,0.4471,0,0.455,227
a,22.5,8.46,y,p,x,v,2.46,f,f,0,f,g,164.0,0,1,0,0.1186,0,0.2047,228
b,19.67,0.375,u,g,q,v,2.0,t,t,2,t,g,80.0,0,1,1,0.8349,1,0.7709,229
b,22.08,11.0,u,g,cc,v,0.665,t,f,0,f,g,100.0,0,1,0,0.4471,0,0.4663,230
b,25.17,3.5,u,g,cc,v,0.625,t,t,7,f,g,0.0,7059,1,1,1.0,1,0.9526,231
a,47.42,3.0,u,g,x,v,13.875,t,t,2,t,g,519.0,1704,1,1,1.0,1,0.9384,232
b,33.5,1.75,u,g,x,h,4.5,t,t,4,t,g,253.0,857,1,1,1.0,1,0.9559,233
b,27.67,13.75,u,g,w,v,5.75,t,f,0,t,g,487.0,500,1,1,0.9286,1,0.8521,234
a,58.42,21.0,u,g,i,bb,10.0,t,t,13,f,g,0.0,6700,1,1,1.0,1,0.963,235
a,20.67,1.835,u,g,q,v,2.085,t,t,5,f,g,220.0,2503,1,1,1.0,1,0.8525,236
b,26.17,0.25,u,g,i,bb,0.0,t,f,0,t,g,0.0,0,1,0,0.4471,0,0.2531,237
b,21.33,7.5,u,g,aa,v,1.415,t,t,1,f,g,80.0,9800,1,1,1.0,1,0.9038,238
b,42.83,4.625,u,g,q,v,4.58,t,f,0,f,s,0.0,0,1,0,0.4471,1,0.6951,239
b,38.17,10.125,u,g,x,v,2.5,t,t,6,f,g,520.0,196,1,1,0.8349,1,0.9278,240
b,20.5,10.0,y,p,c,v,2.5,t,f,0,f,s,40.0,0,1,0,0.4471,0,0.4715,241
b,48.25,25.085,u,g,w,v,1.75,t,t,3,f,g,120.0,14,1,1,0.8349,1,0.9639,242
b,28.33,5.0,u,g,w,v,11.0,t,f,0,t,g,70.0,0,1,0,0.4471,1,0.9195,243
a,18.75,7.5,u,g,q,v,2.71,t,t,5,f,g,,26726,1,1,1.0,1,0.9841,244
b,18.5,2.0,u,g,i,v,1.5,t,t,2,f,g,120.0,300,1,1,0.8349,1,0.7107,245
b,33.17,3.04,y,p,c,h,2.04,t,t,1,t,g,180.0,18027,1,1,1.0,1,0.9251,246
b,45.0,8.5,u,g,cc,h,14.0,t,t,1,t,g,88.0,2000,1,1,1.0,1,0.9557,247
a,19.67,0.21,u,g,q,h,0.29,t,t,11,f,g,80.0,99,1,1,0.8349,1,0.925,248
,24.5,12.75,u,g,c,bb,4.75,t,t,2,f,g,73.0,444,1,1,0.8349,1,0.9248,249
b,21.83,11.0,u,g,x,v,0.29,t,t,6,f,g,121.0,0,1,1,0.8349,1,0.9279,250
b,40.25,21.5,u,g,e,z,20.0,t,t,11,f,g,0.0,1200,1,1,1.0,1,0.9861,251
b,41.42,5.0,u,g,q,h,5.0,t,t,6,t,g,470.0,0,1,1,0.8349,1,0.9151,252
a,17.83,11.0,u,g,x,h,1.0,t,t,11,f,g,0.0,3000,1,1,1.0,1,0.983,253
b,23.17,11.125,u,g,x,h,0.46,t,t,1,f,g,100.0,0,1,1,0.8349,1,0.9322,254
b,,0.625,u,g,k,v,0.25,f,f,0,f,g,380.0,2010,0,0,0.0279,0,0.0411,255
b,18.17,10.25,u,g,c,h,1.085,f,f,0,f,g,320.0,13,0,0,0.0279,0,0.175,256
b,20.0,11.045,u,g,c,v,2.0,f,f,0,t,g,136.0,0,0,0,0.1186,0,0.1096,257
b,20.0,0.0,u,g,d,v,0.5,f,f,0,f,g,144.0,0,0,0,0.3158,0,0.0509,258
a,20.75,9.54,u,g,i,v,0.04,f,f,0,f,g,200.0,1000,0,0,0.0279,0,0.0521,259
a,24.5,1.75,y,p,c,v,0.165,f,f,0,f,g,132.0,0,0,0,0.0279,0,0.0602,260
b,32.75,2.335,u,g,d,h,5.75,f,f,0,t,g,292.0,0,0,0,0.1186,0,0.1124,261
a,52.17,0.0,y,p,ff,ff,0.0,f,f,0,f,g,0.0,0,0,1,0.8,0,0.0208,262
a,48.17,1.335,u,g,i,o,0.335,f,f,0,f,g,0.0,120,0,0,0.0279,0,0.0585,263
a,20.42,10.5,y,p,x,h,0.0,f,f,0,t,g,154.0,32,0,0,0.0279,0,0.3484,264
b,50.75,0.585,u,g,ff,ff,0.0,f,f,0,f,g,145.0,0,0,0,0.0279,0,0.0243,265
b,17.08,0.085,y,p,c,v,0.04,f,f,0,f,g,140.0,722,0,0,0.3158,0,0.0616,266
b,18.33,1.21,y,p,e,dd,0.0,f,f,0,f,g,100.0,0,0,0,0.0279,0,0.0337,267
a,32.0,6.0,u,g,d,v,1.25,f,f,0,f,g,272.0,0,0,0,0.0279,0,0.0599,268
b,59.67,1.54,u,g,q,v,0.125,t,f,0,t,g,260.0,0,1,0,0.4471,1,0.6615,269
b,18.0,0.165,u,g,q,n,0.21,f,f,0,f,g,200.0,40,1,0,0.3158,0,0.0589,270
b,37.58,0.0,,,,,0.0,f,f,0,f,p,,0,1,1,0.8,0,0.0689,271
b,32.33,2.5,u,g,c,v,1.25,f,f,0,t,g,280.0,0,0,0,0.0279,0,0.0695,272
b,18.08,6.75,y,p,m,v,0.04,f,f,0,f,g,140.0,0,0,0,0.0279,0,0.0426,273
b,38.25,10.125,y,p,k,v,0.125,f,f,0,f,g,160.0,0,0,0,0.0279,0,0.0615,274
b,30.67,2.5,u,g,cc,h,2.25,f,f,0,t,s,340.0,0,0,0,0.1186,0,0.0879,275
b,18.58,5.71,u,g,d,v,0.54,f,f,0,f,g,120.0,0,0,0,0.0279,0,0.0587,276
a,19.17,5.415,u,g,i,h,0.29,f,f,0,f,g,80.0,484,0,0,0.0279,0,0.0423,277
a,18.17,10.0,y,p,q,h,0.165,f,f,0,f,g,340.0,0,0,0,0.0279,0,0.0609,278
b,24.58,13.5,y,p,ff,ff,0.0,f,f,0,f,g,,0,0,0,0.0279,0,0.0238,279
b,16.25,0.835,u,g,m,v,0.085,t,f,0,f,s,200.0,0,0,0,0.4471,0,0.2093,280
b,21.17,0.875,y,p,c,h,0.25,f,f,0,f,g,280.0,204,0,0,0.0279,0,0.0878,281
b,23.92,0.585,y,p,cc,h,0.125,f,f,0,f,g,240.0,1,0,0,0.0279,0,0.0507,282
b,17.67,4.46,u,g,c,v,0.25,f,f,0,f,s,80.0,0,0,0,0.0279,0,0.0959,283
a,16.5,1.25,u,g,q,v,0.25,f,t,1,f,g,108.0,98,0,0,0.0279,0,0.1138,284
b,23.25,12.625,u,g,c,v,0.125,f,t,2,f,g,0.0,5552,0,0,0.0279,0,0.4329,285
b,17.58,10.0,u,g,w,h,0.165,f,t,1,f,g,120.0,1,0,0,0.0279,0,0.5,286
a,,1.5,u,g,ff,ff,0.0,f,t,2,t,g,200.0,105,0,0,0.0279,0,0.0879,287
b,29.5,0.58,u,g,w,v,0.29,f,t,1,f,g,340.0,2803,0,0,0.0279,0,0.2204,288
b,18.83,0.415,y,p,c,v,0.165,f,t,1,f,g,200.0,1,0,0,0.0279,0,0.1453,289
a,21.75,1.75,y,p,j,j,0.0,f,f,0,f,g,160.0,0,0,0,0.0279,0,0.0176,290
b,23.0,0.75,u,g,m,v,0.5,f,f,0,t,s,320.0,0,0,0,0.0279,0,0.0247,291
a,18.25,10.0,u,g,w,v,1.0,f,t,1,f,g,120.0,1,0,0,0.0279,0,0.3468,292
b,25.42,0.54,u,g,w,v,0.165,f,t,1,f,g,272.0,444,0,0,0.0279,0,0.1765,293
b,35.75,2.415,u,g,w,v,0.125,f,t,2,f,g,220.0,1,0,0,0.0279,0,0.2778,294
a,16.08,0.335,u,g,ff,ff,0.0,f,t,1,f,g,160.0,126,0,0,0.0279,0,0.0877,295
a,31.92,3.125,u,g,ff,ff,3.04,f,t,2,t,g,200.0,4,0,0,0.1186,0,0.15,296
b,69.17,9.0,u,g,ff,ff,4.0,f,t,1,f,g,70.0,6,0,0,0.1186,0,0.1446,297
b,32.92,2.5,u,g,aa,v,1.75,f,t,2,t,g,720.0,0,0,0,0.1186,0,0.2263,298
b,16.33,2.75,u,g,aa,v,0.665,f,t,1,f,g,80.0,21,0,0,0.0279,0,0.2557,299
b,22.17,12.125,u,g,c,v,3.335,f,t,2,t,g,180.0,173,0,0,0.1186,0,0.3627,300
a,57.58,2.0,u,g,ff,ff,6.5,f,t,1,f,g,0.0,10,0,0,0.1186,0,0.2366,301
b,18.25,0.165,u,g,d,v,0.25,f,f,0,t,s,280.0,0,0,0,0.3158,0,0.0415,302
b,23.42,1.0,u,g,c,v,0.5,f,f,0,t,s,280.0,0,0,0,0.0279,0,0.0761,303
a,15.92,2.875,u,g,q,v,0.085,f,f,0,f,g,120.0,0,0,0,0.0279,0,0.0595,304
a,24.75,13.665,u,g,q,h,1.5,f,f,0,f,g,280.0,1,0,0,0.1186,0,0.1581,305
b,48.75,26.335,y,p,ff,ff,0.0,t,f,0,t,g,0.0,0,0,0,0.4471,0,0.2149,306
b,23.5,2.75,u,g,ff,ff,4.5,f,f,0,f,g,160.0,25,0,0,0.1186,0,0.0771,307
b,18.58,10.29,u,g,ff,ff,0.415,f,f,0,f,g,80.0,0,0,0,0.0279,0,0.0546,308
b,27.75,1.29,u,g,k,h,0.25,f,f,0,t,s,140.0,0,0,0,0.0279,0,0.0321,309
a,31.75,3.0,y,p,j,j,0.0,f,f,0,f,g,160.0,20,0,0,0.0279,0,0.0189,310
a,24.83,4.5,u,g,w,v,1.0,f,f,0,t,g,360.0,6,0,0,0.0279,0,0.1243,311
b,19.0,1.75,y,p,c,v,2.335,f,f,0,t,g,112.0,6,0,0,0.1186,0,0.0709,312
a,16.33,0.21,u,g,aa,v,0.125,f,f,0,f,g,200.0,1,0,0,0.0279,0,0.1014,313
a,18.58,10.0,u,g,d,v,0.415,f,f,0,f,g,80.0,42,0,0,0.0279,0,0.0744,314
b,16.25,0.0,y,p,aa,v,0.25,f,f,0,f,g,60.0,0,0,0,0.3158,0,0.0716,315
b,23.0,0.75,u,g,m,v,0.5,t,f,0,t,s,320.0,0,0,0,0.4471,0,0.2284,316
b,21.17,0.25,y,p,c,h,0.25,f,f,0,f,g,280.0,204,0,0,0.0279,0,0.0879,317
b,17.5,22.0,l,gg,ff,o,0.0,f,f,0,t,p,450.0,100000,1,0,0.0279,1,0.925,318
b,19.17,0.0,y,p,m,bb,0.0,f,f,0,t,s,500.0,1,1,0,0.3158,0,0.043,319
b,36.75,0.125,y,p,c,v,1.5,f,f,0,t,g,232.0,113,1,1,0.8,0,0.0611,320
b,21.25,1.5,u,g,w,v,1.5,f,f,0,f,g,150.0,8,1,0,0.1186,0,0.129,321
a,18.08,0.375,l,gg,cc,ff,10.0,f,f,0,t,s,300.0,0,1,0,0.1186,0,0.4186,322
a,33.67,0.375,u,g,cc,v,0.375,f,f,0,f,g,300.0,44,1,0,0.0279,0,0.061,323
b,48.58,0.205,y,p,k,v,0.25,t,t,11,f,g,380.0,2732,1,1,1.0,1,0.9186,324
b,33.67,1.25,u,g,w,v,1.165,f,f,0,f,g,120.0,0,0,0,0.0279,0,0.1619,325
a,29.5,1.085,y,p,x,v,1.0,f,f,0,f,g,280.0,13,0,0,0.0279,0,0.099,326
b,30.17,1.085,y,p,c,v,0.04,f,f,0,f,g,170.0,179,0,0,0.0279,0,0.0542,327
,40.83,3.5,u,g,i,bb,0.5,f,f,0,f,s,1160.0,0,0,0,0.0279,0,0.0238,328
b,34.83,2.5,y,p,w,v,3.0,f,f,0,f,s,200.0,0,0,0,0.1186,0,0.0878,329
b,,4.0,y,p,i,v,0.085,f,f,0,t,g,411.0,0,0,0,0.0279,0,0.0252,330
b,20.42,0.0,,,,,0.0,f,f,0,f,p,,0,0,0,0.3158,0,0.0735,331
a,33.25,2.5,y,p,c,v,2.5,f,f,0,t,g,0.0,2,0,0,0.1186,0,0.0828,332
b,34.08,2.5,u,g,c,v,1.0,f,f,0,f,g,460.0,16,0,0,0.0279,0,0.0674,333
a,25.25,12.5,u,g,d,v,1.0,f,f,0,t,g,180.0,1062,0,0,0.0279,0,0.0878,334
b,34.75,2.5,u,g,cc,bb,0.5,f,f,0,f,g,348.0,0,0,0,0.0279,0,0.0878,335
b,27.67,0.75,u,g,q,h,0.165,f,f,0,t,g,220.0,251,0,0,0.0279,0,0.0877,336
b,47.33,6.5,u,g,c,v,1.0,f,f,0,t,g,0.0,228,0,0,0.0279,0,0.0854,337
a,34.83,1.25,y,p,i,h,0.5,f,f,0,t,g,160.0,0,0,0,0.0279,0,0.0181,338
a,33.25,3.0,y,p,aa,v,2.0,f,f,0,f,g,180.0,0,0,0,0.1186,0,0.0895,339
b,28.0,3.0,u,g,w,v,0.75,f,f,0,t,g,300.0,67,0,0,0.0279,0,0.1363,340
a,39.08,4.0,u,g,c,v,3.0,f,f,0,f,g,480.0,0,0,0,0.1186,0,0.0961,341
b,42.75,4.085,u,g,aa,v,0.04,f,f,0,f,g,108.0,100,0,0,0.0279,0,0.0825,342
b,26.92,2.25,u,g,i,bb,0.5,f,f,0,t,g,640.0,4000,0,0,0.0279,0,0.0312,343
b,33.75,2.75,u,g,i,bb,0.0,f,f,0,f,g,180.0,0,0,0,0.0279,0,0.0302,344
b,38.92,1.75,u,g,k,v,0.5,f,f,0,t,g,300.0,2,0,0,0.0279,0,0.053,345
b,62.75,7.0,u,g,e,z,0.0,f,f,0,f,g,0.0,12,0,0,0.0279,0,0.0939,346
,32.25,1.5,u,g,c,v,0.25,f,f,0,t,g,372.0,122,0,0,0.0279,0,0.062,347
b,26.75,4.5,y,p,c,bb,2.5,f,f,0,f,g,200.0,1210,0,0,0.1186,0,0.2053,348
b,63.33,0.54,u,g,c,v,0.585,t,t,3,t,g,180.0,0,0,1,0.8349,1,0.7072,349
b,27.83,1.5,u,g,w,v,2.25,f,t,1,t,g,100.0,3,0,0,0.1186,0,0.3207,350
a,26.17,2.0,u,g,j,j,0.0,f,f,0,t,g,276.0,1,0,0,0.0279,0,0.0249,351
b,22.17,0.585,y,p,ff,ff,0.0,f,f,0,f,g,100.0,0,0,0,0.0279,0,0.0201,352
b,22.5,11.5,y,p,m,v,1.5,f,f,0,t,g,0.0,4000,0,0,0.1186,0,0.1618,353
b,30.75,1.585,u,g,d,v,0.585,f,f,0,t,s,0.0,0,0,0,0.0279,0,0.0584,354
b,36.67,2.0,u,g,i,v,0.25,f,f,0,t,g,221.0,0,0,0,0.0279,0,0.0409,355
a,16.0,0.165,u,g,aa,v,1.0,f,t,2,t,g,320.0,1,0,0,0.3158,0,0.2758,356
b,41.17,1.335,u,g,d,v,0.165,f,f,0,f,g,168.0,0,0,0,0.0279,0,0.0498,357
a,19.5,0.165,u,g,q,v,0.04,f,f,0,t,g,380.0,0,0,0,0.3158,0,0.0396,358
b,32.42,3.0,u,g,d,v,0.165,f,f,0,t,g,120.0,0,0,0,0.0279,0,0.05,359
a,36.75,4.71,u,g,ff,ff,0.0,f,f,0,f,g,160.0,0,0,0,0.0279,0,0.0284,360
a,30.25,5.5,u,g,k,v,5.5,f,f,0,t,s,100.0,0,0,0,0.1186,0,0.0972,361
b,23.08,2.5,u,g,ff,ff,0.085,f,f,0,t,g,100.0,4208,0,0,0.0279,0,0.0597,362
b,26.83,0.54,u,g,k,ff,0.0,f,f,0,f,g,100.0,0,0,0,0.0279,0,0.0437,363
b,16.92,0.335,y,p,k,v,0.29,f,f,0,f,s,200.0,0,0,0,0.0279,0,0.0152,364
b,24.42,2.0,u,g,e,dd,0.165,f,t,2,f,g,320.0,1300,0,0,0.0279,0,0.1116,365
b,42.83,1.25,u,g,m,v,13.875,f,t,1,t,g,352.0,112,0,0,0.1186,1,0.5674,366
a,22.75,6.165,u,g,aa,v,0.165,f,f,0,f,g,220.0,1000,0,0,0.0279,0,0.1148,367
b,39.42,1.71,y,p,m,v,0.165,f,f,0,f,s,400.0,0,0,0,0.0279,0,0.0245,368
a,23.58,11.5,y,p,k,h,3.0,f,f,0,t,g,20.0,16,0,0,0.1186,0,0.0837,369
b,21.42,0.75,y,p,r,n,0.75,f,f,0,t,g,132.0,2,0,0,0.0279,0,0.0762,370
b,33.0,2.5,y,p,w,v,7.0,f,f,0,t,g,280.0,0,0,0,0.1186,0,0.2178,371
b,26.33,13.0,u,g,e,dd,0.0,f,f,0,t,g,140.0,1110,0,0,0.0279,0,0.0637,372
a,45.0,4.585,u,g,k,h,1.0,f,f,0,t,s,240.0,0,0,0,0.0279,0,0.0381,373
b,26.25,1.54,u,g,w,v,0.125,f,f,0,f,g,100.0,0,0,0,0.0279,0,0.127,374
,28.17,0.585,u,g,aa,v,0.04,f,f,0,f,g,260.0,1004,0,0,0.0279,0,0.0892,375
a,20.83,0.5,y,p,e,dd,1.0,f,f,0,f,g,260.0,0,0,0,0.0279,0,0.0312,376
b,28.67,14.5,u,g,d,v,0.125,f,f,0,f,g,0.0,286,0,0,0.0279,0,0.0802,377
b,20.67,0.835,y,p,c,v,2.0,f,f,0,t,s,240.0,0,0,0,0.1186,0,0.0782,378
b,34.42,1.335,u,g,i,bb,0.125,f,f,0,t,g,440.0,4500,0,0,0.0279,0,0.0332,379
b,33.58,0.25,u,g,i,bb,4.0,f,f,0,t,s,420.0,0,0,0,0.1186,0,0.0409,380
b,43.17,5.0,u,g,i,bb,2.25,f,f,0,t,g,141.0,0,0,0,0.1186,0,0.0483,381
a,22.67,7.0,u,g,c,v,0.165,f,f,0,f,g,160.0,0,0,0,0.0279,0,0.0879,382
a,24.33,2.5,y,p,i,bb,4.5,f,f,0,f,g,200.0,456,0,0,0.1186,0,0.0503,383
a,56.83,4.25,y,p,ff,ff,5.0,f,f,0,t,g,0.0,4,0,0,0.1186,0,0.0567,384
b,22.08,11.46,u,g,k,v,1.585,f,f,0,t,g,100.0,1212,0,0,0.1186,0,0.1203,385
b,34.0,5.5,y,p,c,v,1.5,f,f,0,t,g,60.0,0,0,0,0.1186,0,0.064,386
b,22.58,1.5,y,p,aa,v,0.54,f,f,0,t,g,120.0,67,0,0,0.0279,0,0.0667,387
b,21.17,0.0,u,g,c,v,0.5,f,f,0,t,s,0.0,0,0,0,0.3158,0,0.0916,388
b,26.67,14.585,u,g,i,bb,0.0,f,f,0,t,g,178.0,0,0,0,0.0279,0,0.05,389
b,22.92,0.17,u,g,m,v,0.085,f,f,0,f,s,0.0,0,0,0,0.0279,0,0.0339,390
b,15.17,7.0,u,g,e,v,1.0,f,f,0,f,g,600.0,0,0,0,0.0279,0,0.039,391
b,39.92,5.0,u,g,i,bb,0.21,f,f,0,f,g,550.0,0,0,0,0.0279,0,0.0177,392
b,27.42,12.5,u,g,aa,bb,0.25,f,f,0,t,g,720.0,0,0,0,0.0279,0,0.1931,393
b,24.75,0.54,u,g,m,v,1.0,f,f,0,t,g,120.0,1,0,0,0.0279,0,0.0608,394
b,41.17,1.25,y,p,w,v,0.25,f,f,0,f,g,0.0,195,0,0,0.0279,0,0.138,395
a,33.08,1.625,u,g,d,v,0.54,f,f,0,t,g,0.0,0,0,0,0.0279,0,0.0629,396
b,29.83,2.04,y,p,x,h,0.04,f,f,0,f,g,128.0,1,0,0,0.0279,0,0.2522,397
a,23.58,0.585,y,p,ff,ff,0.125,f,f,0,f,g,120.0,87,0,0,0.0279,0,0.0206,398
b,26.17,12.5,y,p,k,h,1.25,f,f,0,t,g,0.0,17,0,0,0.0279,0,0.0651,399
b,31.0,2.085,u,g,c,v,0.085,f,f,0,f,g,300.0,0,0,0,0.0279,0,0.0633,400
b,20.75,5.085,y,p,j,v,0.29,f,f,0,f,g,140.0,184,0,0,0.0279,0,0.0306,401
b,28.92,0.375,u,g,c,v,0.29,f,f,0,f,g,220.0,140,0,0,0.0279,0,0.0683,402
a,51.92,6.5,u,g,i,bb,3.085,f,f,0,t,g,73.0,0,0,0,0.1186,0,0.0626,403
a,22.67,0.335,u,g,q,v,0.75,f,f,0,f,s,160.0,0,0,0,0.0279,0,0.0332,404
b,34.0,5.085,y,p,i,bb,1.085,f,f,0,t,g,480.0,0,0,0,0.0279,0,0.017,405
a,69.5,6.0,u,g,ff,ff,0.0,f,f,0,f,s,0.0,0,0,0,0.0279,0,0.0376,406
a,40.33,8.125,y,p,k,v,0.165,f,t,2,f,g,,18,0,0,0.0279,0,0.1564,407
a,19.58,0.665,y,p,c,v,1.0,f,t,1,f,g,2000.0,2,0,0,0.0279,0,0.2893,408
b,16.0,3.125,u,g,w,v,0.085,f,t,1,f,g,0.0,6,0,0,0.0279,0,0.2385,409
b,17.08,0.25,u,g,q,v,0.335,f,t,4,f,g,160.0,8,0,0,0.0279,0,0.168,410
b,31.25,2.835,u,g,ff,ff,0.0,f,t,5,f,g,176.0,146,0,0,0.0279,0,0.1479,411
b,25.17,3.0,u,g,c,v,1.25,f,t,1,f,g,0.0,22,0,0,0.0279,0,0.2366,412
a,22.67,0.79,u,g,i,v,0.085,f,f,0,f,g,144.0,0,0,0,0.0279,0,0.034,413
b,40.58,1.5,u,g,i,bb,0.0,f,f,0,f,s,300.0,0,0,0,0.0279,0,0.0212,414
b,22.25,0.46,u,g,k,v,0.125,f,f,0,t,g,280.0,55,0,0,0.0279,0,0.0339,415
a,22.25,1.25,y,p,ff,ff,3.25,f,f,0,f,g,280.0,0,0,0,0.1186,0,0.0299,416
b,22.5,0.125,y,p,k,v,0.125,f,f,0,f,g,200.0,70,0,0,0.3158,0,0.0246,417
b,23.58,1.79,u,g,c,v,0.54,f,f,0,t,g,136.0,1,0,0,0.0279,0,0.0711,418
b,38.42,0.705,u,g,c,v,0.375,f,t,2,f,g,225.0,500,0,0,0.0279,0,0.2233,419
a,26.58,2.54,y,p,ff,ff,0.0,f,f,0,t,g,180.0,60,0,0,0.0279,0,0.0189,420
b,35.0,2.5,u,g,i,v,1.0,f,f,0,t,g,210.0,0,0,0,0.0279,0,0.0463,421
b,20.42,1.085,u,g,q,v,1.5,f,f,0,f,g,108.0,7,0,0,0.1186,0,0.0742,422
b,29.42,1.25,u,g,w,v,1.75,f,f,0,f,g,200.0,0,0,0,0.1186,0,0.1432,423
b,26.17,0.835,u,g,cc,v,1.165,f,f,0,f,g,100.0,0,0,0,0.0279,0,0.0676,424
b,33.67,2.165,u,g,c,v,1.5,f,f,0,f,p,120.0,0,0,0,0.1186,0,0.0879,425
b,24.58,1.25,u,g,c,v,0.25,f,f,0,f,g,110.0,0,0,0,0.0279,0,0.0728,426
a,27.67,2.04,u,g,w,v,0.25,f,f,0,t,g,180.0,50,0,0,0.0279,0,0.1244,427
b,37.5,0.835,u,g,e,v,0.04,f,f,0,f,g,120.0,5,0,0,0.0279,0,0.044,428
b,49.17,2.29,u,g,ff,ff,0.29,f,f,0,f,g,200.0,3,0,0,0.0279,0,0.0234,429
b,33.58,0.335,y,p,cc,v,0.085,f,f,0,f,g,180.0,0,0,0,0.0279,0,0.0433,430
b,51.83,3.0,y,p,ff,ff,1.5,f,f,0,f,g,180.0,4,0,0,0.1186,0,0.0186,431
b,22.92,3.165,y,p,c,v,0.165,f,f,0,f,g,160.0,1058,0,0,0.0279,0,0.0607,432
b,21.83,1.54,u,g,k,v,0.085,f,f,0,t,g,356.0,0,0,0,0.0279,0,0.032,433
b,25.25,1.0,u,g,aa,v,0.5,f,f,0,f,g,200.0,0,0,0,0.0279,0,0.0884,434
b,58.58,2.71,u,g,c,v,2.415,f,f,0,t,g,320.0,0,0,0,0.1186,0,0.0835,435
b,19.0,0.0,y,p,ff,ff,0.0,f,t,4,f,g,45.0,1,0,0,0.3158,0,0.0968,436
b,19.58,0.585,u,g,ff,ff,0.0,f,t,3,f,g,350.0,769,0,0,0.0279,0,0.0932,437
a,53.33,0.165,u,g,ff,ff,0.0,f,f,0,t,s,62.0,27,0,1,0.8,0,0.0292,438
a,27.17,1.25,u,g,ff,ff,0.0,f,t,1,f,g,92.0,300,0,0,0.0279,0,0.0868,439
b,25.92,0.875,u,g,k,v,0.375,f,t,2,t,g,174.0,3,0,0,0.0279,0,0.1246,440
b,23.08,0.0,u,g,k,v,1.0,f,t,11,f,s,0.0,0,0,0,0.3158,0,0.3496,441
b,39.58,5.0,u,g,ff,ff,0.0,f,t,2,f,g,17.0,1,0,0,0.0279,0,0.1036,442
b,30.58,2.71,y,p,m,v,0.125,f,f,0,t,s,80.0,0,0,0,0.0279,0,0.032,443
b,17.25,3.0,u,g,k,v,0.04,f,f,0,t,g,160.0,40,0,0,0.0279,0,0.0421,444
a,17.67,0.0,y,p,j,ff,0.0,f,f,0,f,g,86.0,0,0,0,0.3158,0,0.0218,445
a,,11.25,u,g,ff,ff,0.0,f,f,0,f,g,,5200,0,0,0.0279,0,0.0679,446
b,16.5,0.125,u,g,c,v,0.165,f,f,0,f,g,132.0,0,0,0,0.3158,0,0.0752,447
a,27.33,1.665,u,g,ff,ff,0.0,f,f,0,f,g,340.0,1,0,0,0.0279,0,0.0223,448
b,31.25,1.125,u,g,ff,ff,0.0,f,t,1,f,g,96.0,19,0,0,0.0279,0,0.0759,449
b,20.0,7.0,u,g,c,v,0.5,f,f,0,f,g,0.0,0,0,0,0.0279,0,0.0921,450
b,,3.0,y,p,i,bb,7.0,f,f,0,f,g,0.0,1,0,0,0.1186,0,0.0953,451
b,39.5,1.625,u,g,c,v,1.5,f,f,0,f,g,0.0,316,0,0,0.1186,0,0.0911,452
b,36.5,4.25,u,g,q,v,3.5,f,f,0,f,g,454.0,50,0,0,0.1186,0,0.1089,453
,29.75,0.665,u,g,w,v,0.25,f,f,0,t,g,300.0,0,0,0,0.0279,0,0.112,454
b,52.42,1.5,u,g,d,v,3.75,f,f,0,t,g,0.0,350,0,0,0.1186,0,0.1084,455
b,36.17,18.125,u,g,w,v,0.085,f,f,0,f,g,320.0,3552,0,0,0.0279,0,0.4216,456
b,34.58,0.0,,,,,0.0,f,f,0,f,p,,0,0,0,0.3158,0,0.069,457
b,29.67,0.75,y,p,c,v,0.04,f,f,0,f,g,240.0,0,0,0,0.0279,0,0.0525,458
b,36.17,5.5,u,g,i,bb,5.0,f,f,0,f,g,210.0,687,0,0,0.1186,0,0.0753,459
b,25.67,0.29,y,p,c,v,1.5,f,f,0,t,g,160.0,0,0,0,0.1186,0,0.0595,460
a,24.5,2.415,y,p,c,v,0.0,f,f,0,f,g,120.0,0,0,0,0.0279,0,0.0596,461
b,24.08,0.875,u,g,m,v,0.085,f,t,4,f,g,254.0,1950,0,0,0.0279,0,0.1818,462
b,21.92,0.5,u,g,c,v,0.125,f,f,0,f,g,360.0,0,0,0,0.0279,0,0.0651,463
a,36.58,0.29,u,g,ff,ff,0.0,f,t,10,f,g,200.0,18,0,0,0.0279,0,0.3201,464
a,23.0,1.835,u,g,j,j,0.0,f,t,1,f,g,200.0,53,0,0,0.0279,0,0.0665,465
a,27.58,3.0,u,g,m,v,2.79,f,t,1,t,g,280.0,10,0,0,0.1186,0,0.1622,466
b,31.08,3.085,u,g,c,v,2.5,f,t,2,t,g,160.0,41,0,0,0.1186,0,0.2774,467
a,30.42,1.375,u,g,w,h,0.04,f,t,3,f,g,0.0,33,0,0,0.0279,0,0.5,468
b,22.08,2.335,u,g,k,v,0.75,f,f,0,f,g,180.0,0,0,0,0.0279,0,0.0432,469
b,16.33,4.085,u,g,i,h,0.415,f,f,0,t,g,120.0,0,0,0,0.0279,0,0.0384,470
a,21.92,11.665,u,g,k,h,0.085,f,f,0,f,g,320.0,5,0,0,0.0279,0,0.0436,471
b,21.08,4.125,y,p,i,h,0.04,f,f,0,f,g,140.0,100,0,0,0.0279,0,0.0177,472
b,17.42,6.5,u,g,i,v,0.125,f,f,0,f,g,60.0,100,0,0,0.0279,0,0.047,473
b,19.17,4.0,y,p,i,v,1.0,f,f,0,t,g,360.0,1000,0,0,0.0279,0,0.0302,474
b,20.67,0.415,u,g,c,v,0.125,f,f,0,f,g,0.0,44,0,0,0.0279,0,0.0789,475
b,26.75,2.0,u,g,d,v,0.75,f,f,0,t,g,80.0,0,0,0,0.0279,0,0.056,476
b,23.58,0.835,u,g,i,h,0.085,f,f,0,t,g,220.0,5,0,0,0.0279,0,0.0251,477
b,39.17,2.5,y,p,i,h,10.0,f,f,0,t,s,200.0,0,0,0,0.1186,0,0.0877,478
b,22.75,11.5,u,g,i,v,0.415,f,f,0,f,g,0.0,0,0,0,0.0279,0,0.0696,479
,26.5,2.71,y,p,,,0.085,f,f,0,f,s,80.0,0,0,0,0.0279,0,0.0676,480
a,16.92,0.5,u,g,i,v,0.165,f,t,6,t,g,240.0,35,0,0,0.0279,0,0.1941,481
b,23.5,3.165,y,p,k,v,0.415,f,t,1,t,g,280.0,80,0,0,0.0279,0,0.0737,482
a,17.33,9.5,u,g,aa,v,1.75,f,t,10,t,g,0.0,10,0,0,0.1186,1,0.7205,483
b,23.75,0.415,y,p,c,v,0.04,f,t,2,f,g,128.0,6,0,0,0.0279,0,0.1683,484
b,34.67,1.08,u,g,m,v,1.165,f,f,0,f,s,28.0,0,0,0,0.0279,0,0.0517,485
b,74.83,19.0,y,p,ff,ff,0.04,f,t,2,f,g,0.0,351,0,0,0.0279,0,0.0878,486
b,28.17,0.125,y,p,k,v,0.085,f,f,0,f,g,216.0,2100,0,0,0.3158,0,0.0346,487
b,24.5,13.335,y,p,aa,v,0.04,f,f,0,t,g,120.0,475,0,0,0.0279,0,0.081,488
b,18.83,3.54,y,p,ff,ff,0.0,f,f,0,t,g,180.0,1,0,0,0.0279,0,0.0206,489
,45.33,1.0,u,g,q,v,0.125,f,f,0,t,g,263.0,0,0,0,0.0279,0,0.0968,490
a,47.25,0.75,u,g,q,h,2.75,t,t,1,f,g,333.0,892,1,1,1.0,1,0.7611,491
b,24.17,0.875,u,g,q,v,4.625,t,t,2,t,g,520.0,2000,1,1,1.0,1,0.7782,492
b,39.25,9.5,u,g,m,v,6.5,t,t,14,f,g,240.0,4607,1,1,1.0,1,0.9927,493
a,20.5,11.835,u,g,c,h,6.0,t,f,0,f,g,340.0,0,1,0,0.4471,1,0.7937,494
a,18.83,4.415,y,p,c,h,3.0,t,f,0,f,g,240.0,0,1,0,0.4471,1,0.561,495
b,19.17,9.5,u,g,w,v,1.5,t,f,0,f,g,120.0,2206,1,1,0.9286,1,0.7901,496
a,25.0,0.875,u,g,x,h,1.04,t,f,0,t,g,160.0,5860,1,1,0.9286,1,0.8677,497
b,20.17,9.25,u,g,c,v,1.665,t,t,3,t,g,40.0,28,1,1,0.8349,1,0.8295,498
b,25.75,0.5,u,g,c,v,1.46,t,t,5,t,g,312.0,0,1,1,0.8349,1,0.8239,499
b,20.42,7.0,u,g,c,v,1.625,t,t,3,f,g,200.0,1391,1,1,1.0,1,0.8398,500
b,,4.0,u,g,x,v,5.0,t,t,3,t,g,290.0,2279,1,1,1.0,1,0.925,501
b,39.0,5.0,u,g,cc,v,3.5,t,t,10,t,g,0.0,0,1,1,0.8349,1,0.9584,502
a,64.08,0.165,u,g,ff,ff,0.0,t,t,1,f,g,232.0,100,1,1,0.8349,0,0.3231,503
b,28.25,5.125,u,g,x,v,4.75,t,t,2,f,g,420.0,7,1,1,0.8349,1,0.8725,504
a,28.75,3.75,u,g,c,v,1.085,t,t,1,t,g,371.0,0,1,1,0.8349,1,0.6884,505
b,31.33,19.5,u,g,c,v,7.0,t,t,16,f,g,0.0,5000,1,1,1.0,1,0.9908,506
a,18.92,9.0,u,g,aa,v,0.75,t,t,2,f,g,88.0,591,1,1,1.0,1,0.8145,507
a,24.75,3.0,u,g,q,h,1.835,t,t,19,f,g,0.0,500,1,1,0.8349,1,0.985,508
a,30.67,12.0,u,g,c,v,2.0,t,t,1,f,g,220.0,19,1,1,0.8349,1,0.785,509
b,21.0,4.79,y,p,w,v,2.25,t,t,1,t,g,80.0,300,1,1,0.8349,1,0.7641,510
b,13.75,4.0,y,p,w,v,1.75,t,t,2,t,g,120.0,1000,1,1,1.0,1,0.7337,511
a,46.0,4.0,u,g,j,j,0.0,t,f,0,f,g,100.0,960,1,1,0.9286,0,0.3824,512
a,44.33,0.0,u,g,c,v,2.5,t,f,0,f,g,0.0,0,1,0,0.4471,0,0.515,513
b,20.25,9.96,u,g,e,dd,0.0,t,f,0,f,g,0.0,0,1,0,0.4471,0,0.3886,514
b,22.67,2.54,y,p,c,h,2.585,t,f,0,f,g,0.0,0,1,0,0.4471,1,0.5624,515
b,,10.5,u,g,x,v,6.5,t,f,0,f,g,0.0,0,1,0,0.4471,1,0.9245,516
a,60.92,5.0,u,g,aa,v,4.0,t,t,4,f,g,0.0,99,1,1,0.8349,1,0.8575,517
b,16.08,0.75,u,g,c,v,1.75,t,t,5,t,g,352.0,690,1,1,1.0,1,0.8378,518
a,28.17,0.375,u,g,q,v,0.585,t,t,4,f,g,80.0,0,1,1,0.8349,1,0.7939,519
b,39.17,1.71,u,g,x,v,0.125,t,t,5,t,g,480.0,0,1,1,0.8349,1,0.8432,520
,20.42,7.5,u,g,k,v,1.5,t,t,1,f,g,160.0,234,1,1,0.8349,1,0.7363,521
a,30.0,5.29,u,g,e,dd,2.25,t,t,5,t,g,99.0,500,1,1,0.8349,1,0.802,522
b,22.83,3.0,u,g,m,v,1.29,t,t,1,f,g,260.0,800,1,1,1.0,1,0.6816,523
a,22.5,8.5,u,g,q,v,1.75,t,t,10,f,g,80.0,990,0,1,1.0,1,0.9582,524
a,28.58,1.665,u,g,q,v,2.415,t,f,0,t,g,440.0,0,0,0,0.4471,0,0.4655,525
b,45.17,1.5,u,g,c,v,2.5,t,f,0,t,g,140.0,0,0,0,0.4471,0,0.4468,526
b,41.58,1.75,u,g,k,v,0.21,t,f,0,f,g,160.0,0,0,0,0.4471,0,0.4697,527
a,57.08,0.335,u,g,i,bb,1.0,t,f,0,t,g,252.0,2197,0,1,0.9286,0,0.1713,528
a,55.75,7.08,u,g,k,h,6.75,t,t,3,t,g,100.0,50,0,1,0.8349,1,0.9049,529
b,43.25,25.21,u,g,q,h,0.21,t,t,1,f,g,760.0,90,0,1,0.8349,1,0.6089,530
a,25.33,2.085,u,g,c,h,2.75,t,f,0,t,g,360.0,1,0,0,0.4471,1,0.6084,531
a,24.58,0.67,u,g,aa,h,1.75,t,f,0,f,g,400.0,0,0,0,0.4471,1,0.6579,532
b,43.17,2.25,u,g,i,bb,0.75,t,f,0,f,g,560.0,0,0,0,0.4471,0,0.0948,533
b,40.92,0.835,u,g,ff,ff,0.0,t,f,0,f,g,130.0,1,0,0,0.4471,0,0.1992,534
b,31.83,2.5,u,g,aa,v,7.5,t,f,0,t,g,523.0,0,0,0,0.4471,1,0.5393,535
a,33.92,1.585,y,p,ff,ff,0.0,t,f,0,f,g,320.0,0,0,0,0.4471,0,0.1015,536
a,24.92,1.25,u,g,ff,ff,0.0,t,f,0,f,g,80.0,0,0,0,0.4471,0,0.2679,537
b,35.25,3.165,u,g,x,h,3.75,t,f,0,t,g,680.0,0,0,0,0.4471,1,0.7837,538
b,34.25,1.75,u,g,w,bb,0.25,t,f,0,t,g,163.0,0,0,0,0.4471,1,0.7339,539
b,80.25,5.5,u,g,,,0.54,t,f,0,f,g,0.0,340,0,0,0.4471,0,0.3967,540
b,19.42,1.5,y,p,cc,v,2.0,t,f,0,t,g,100.0,20,0,0,0.4471,0,0.3536,541
b,42.75,3.0,u,g,i,bb,1.0,t,f,0,f,g,0.0,200,0,0,0.4471,0,0.2398,542
b,19.67,10.0,y,p,k,h,0.835,t,f,0,t,g,140.0,0,0,0,0.4471,0,0.3087,543
b,36.33,3.79,u,g,w,v,1.165,t,f,0,t,g,200.0,0,0,0,0.4471,1,0.7245,544
b,30.08,1.04,y,p,i,bb,0.5,t,t,10,t,g,132.0,28,0,1,0.8349,1,0.6346,545
b,44.25,11.0,y,p,d,v,1.5,t,f,0,f,s,0.0,0,0,0,0.4471,0,0.3855,546
b,23.58,0.46,y,p,w,v,2.625,t,t,6,t,g,208.0,347,0,1,0.8349,1,0.8167,547
b,23.92,1.5,u,g,d,h,1.875,t,t,6,f,g,200.0,327,1,1,0.8349,1,0.8777,548
b,33.17,1.0,u,g,x,v,0.75,t,t,7,t,g,340.0,4071,1,1,1.0,1,0.9154,549
b,48.33,12.0,u,g,m,v,16.0,t,f,0,f,s,110.0,0,1,0,0.4471,1,0.916,550
b,76.75,22.29,u,g,e,z,12.75,t,t,1,t,g,0.0,109,1,1,0.8349,1,0.925,551
b,51.33,10.0,u,g,i,bb,0.0,t,t,11,f,g,0.0,1249,1,1,1.0,1,0.7987,552
b,34.75,15.0,u,g,r,n,5.375,t,t,9,t,g,0.0,134,1,1,0.8349,1,0.9904,553
b,38.58,3.335,u,g,w,v,4.0,t,t,14,f,g,383.0,1344,1,1,1.0,1,0.9731,554
a,22.42,11.25,y,p,x,h,0.75,t,t,4,f,g,0.0,321,1,1,0.8349,1,0.925,555
b,41.92,0.42,u,g,c,h,0.21,t,t,6,f,g,220.0,948,1,1,1.0,1,0.8781,556
b,29.58,4.5,u,g,w,v,7.5,t,t,2,t,g,330.0,0,1,1,0.8349,1,0.9186,557
a,32.17,1.46,u,g,w,v,1.085,t,t,16,f,g,120.0,2079,1,1,1.0,1,0.9693,558
b,51.42,0.04,u,g,x,h,0.04,t,f,0,f,g,0.0,3000,1,1,0.9286,1,0.8703,559
a,22.83,2.29,u,g,q,h,2.29,t,t,7,t,g,140.0,2384,1,1,1.0,1,0.9345,560
a,25.0,12.33,u,g,cc,h,3.5,t,t,6,f,g,400.0,458,1,1,0.8349,1,0.9184,561
b,26.75,1.125,u,g,x,h,1.25,t,f,0,f,g,0.0,5298,1,1,0.9286,1,0.8949,562
b,23.33,1.5,u,g,c,h,1.415,t,f,0,f,g,422.0,200,1,0,0.4471,1,0.5296,563
b,24.42,12.335,u,g,q,h,1.585,t,f,0,t,g,120.0,0,1,0,0.4471,1,0.7412,564
b,42.17,5.04,u,g,q,h,12.75,t,f,0,t,g,92.0,0,1,0,0.4471,1,0.925,565
a,20.83,3.0,u,g,aa,v,0.04,t,f,0,f,g,100.0,0,1,0,0.4471,0,0.4692,566
b,23.08,11.5,u,g,w,h,2.125,t,t,11,t,g,290.0,284,1,1,0.8349,1,0.9768,567
a,25.17,2.875,u,g,x,h,0.875,t,f,0,f,g,360.0,0,1,0,0.4471,1,0.7523,568
b,43.08,0.375,y,p,c,v,0.375,t,t,8,t,g,300.0,162,1,1,0.8349,1,0.8342,569
a,35.75,0.915,u,g,aa,v,0.75,t,t,4,f,g,0.0,1583,1,1,1.0,1,0.848,570
b,59.5,2.75,u,g,w,v,1.75,t,t,5,t,g,60.0,58,1,1,0.8349,1,0.9488,571
b,21.0,3.0,y,p,d,v,1.085,t,t,8,t,g,160.0,1,1,1,0.8349,1,0.8575,572
b,21.92,0.54,y,p,x,v,0.04,t,t,1,t,g,840.0,59,1,1,0.8349,0,0.5073,573
a,65.17,14.0,u,g,ff,ff,0.0,t,t,11,t,g,0.0,1400,1,1,1.0,1,0.8775,574
a,20.33,10.0,u,g,c,h,1.0,t,t,4,f,g,50.0,1465,1,1,1.0,1,0.9389,575
b,32.25,0.165,y,p,c,h,3.25,t,t,1,t,g,432.0,8000,1,1,1.0,1,0.8037,576
b,30.17,0.5,u,g,c,v,1.75,t,t,11,f,g,32.0,540,1,1,1.0,1,0.9517,577
b,25.17,6.0,u,g,c,v,1.0,t,t,3,f,g,0.0,0,1,1,0.8349,1,0.8115,578
b,39.17,1.625,u,g,c,v,1.5,t,t,10,f,g,186.0,4700,1,1,1.0,1,0.9602,579
b,39.08,6.0,u,g,m,v,1.29,t,t,5,t,g,108.0,1097,1,1,1.0,1,0.9251,580
b,31.67,0.83,u,g,x,v,1.335,t,t,8,t,g,303.0,3290,1,1,1.0,1,0.926,581
b,41.0,0.04,u,g,e,v,0.04,f,t,1,f,s,560.0,0,1,1,0.8,0,0.0806,582
b,48.5,4.25,u,g,m,v,0.125,t,f,0,t,g,225.0,0,1,0,0.4471,1,0.5975,583
b,32.67,9.0,y,p,w,h,5.25,t,f,0,t,g,154.0,0,1,0,0.4471,1,0.8458,584
a,28.08,15.0,y,p,e,z,0.0,t,f,0,f,g,0.0,13212,1,1,0.9286,1,0.7914,585
b,73.42,17.75,u,g,ff,ff,0.0,t,f,0,t,g,0.0,0,1,0,0.4471,0,0.2492,586
b,64.08,20.0,u,g,x,h,17.5,t,t,9,t,g,0.0,1000,1,1,1.0,1,0.9908,587
b,51.58,15.0,u,g,c,v,8.5,t,t,9,f,g,0.0,0,1,1,0.8349,1,0.9658,588
b,26.67,1.75,y,p,c,v,1.0,t,t,5,t,g,160.0,5777,1,1,1.0,1,0.8684,589
b,25.33,0.58,u,g,c,v,0.29,t,t,7,t,g,96.0,5124,1,1,1.0,1,0.925,590
b,30.17,6.5,u,g,cc,v,3.125,t,t,8,f,g,330.0,1200,1,1,1.0,1,0.9359,591
b,27.0,0.75,u,g,c,h,4.25,t,t,3,t,g,312.0,150,1,1,0.8349,1,0.8939,592
b,23.17,0.0,,,,,0.0,f,f,0,f,p,,0,1,0,0.3158,0,0.0721,593
b,34.17,5.25,u,g,w,v,0.085,f,f,0,t,g,290.0,6,1,0,0.0279,0,0.1686,594
b,38.67,0.21,u,g,k,v,0.085,t,f,0,t,g,280.0,0,1,0,0.4471,0,0.4034,595
b,25.75,0.75,u,g,c,bb,0.25,t,f,0,f,g,349.0,23,1,0,0.4471,0,0.5081,596
a,46.08,3.0,u,g,c,v,2.375,t,t,8,t,g,396.0,4159,1,1,1.0,1,0.9369,597
a,21.5,6.0,u,g,aa,v,2.5,t,t,3,f,g,80.0,918,1,1,1.0,1,0.8701,598
,20.08,0.125,u,g,q,v,1.0,f,t,1,f,g,240.0,768,1,0,0.3158,0,0.1198,599
b,20.5,2.415,u,g,c,v,2.0,t,t,11,t,g,200.0,3000,1,1,1.0,1,0.9624,600
a,29.5,0.46,u,g,k,v,0.54,t,t,4,f,g,380.0,500,1,1,0.8349,1,0.6964,601
,42.25,1.75,y,p,,,0.0,f,f,0,t,g,150.0,1,0,0,0.0279,0,0.052,602
b,29.83,1.25,y,p,k,v,0.25,f,f,0,f,g,224.0,0,0,0,0.0279,0,0.0293,603
b,20.08,0.25,u,g,q,v,0.125,f,f,0,f,g,200.0,0,0,0,0.0279,0,0.0504,604
b,23.42,0.585,u,g,c,h,0.085,t,f,0,f,g,180.0,0,0,0,0.4471,1,0.5598,605
a,29.58,1.75,y,p,k,v,1.25,f,f,0,t,g,280.0,0,0,0,0.0279,0,0.0348,606
b,16.17,0.04,u,g,c,v,0.04,f,f,0,f,g,0.0,0,1,0,0.3158,0,0.0806,607
b,32.33,3.5,u,g,k,v,0.5,f,f,0,t,g,232.0,0,0,0,0.0279,0,0.0542,608
b,,0.04,y,p,d,v,4.25,f,f,0,t,g,460.0,0,0,0,0.3158,0,0.0574,609
b,47.83,4.165,u,g,x,bb,0.085,f,f,0,t,g,520.0,0,0,0,0.0279,0,0.4104,610
b,20.0,1.25,y,p,k,v,0.125,f,f,0,f,g,140.0,4,0,0,0.0279,0,0.0266,611
b,27.58,3.25,y,p,q,h,5.085,f,t,2,t,g,369.0,1,0,0,0.1186,0,0.2419,612
b,22.0,0.79,u,g,w,v,0.29,f,t,1,f,g,420.0,283,0,0,0.0279,0,0.1483,613
b,19.33,10.915,u,g,c,bb,0.585,f,t,2,t,g,200.0,7,0,0,0.0279,1,0.5246,614
a,38.33,4.415,u,g,c,v,0.125,f,f,0,f,g,160.0,0,0,0,0.0279,0,0.078,615
b,29.42,1.25,u,g,c,h,0.25,f,t,2,t,g,400.0,108,0,0,0.0279,0,0.274,616
b,22.67,0.75,u,g,i,v,1.585,f,t,1,t,g,400.0,9,0,0,0.1186,0,0.0878,617
b,32.25,14.0,y,p,ff,ff,0.0,f,t,2,f,g,160.0,1,0,0,0.0279,0,0.0634,618
b,29.58,4.75,u,g,m,v,2.0,f,t,1,t,g,460.0,68,0,0,0.1186,0,0.1445,619
b,18.42,10.415,y,p,aa,v,0.125,t,f,0,f,g,120.0,375,0,0,0.4471,0,0.3728,620
b,22.17,2.25,u,g,i,v,0.125,f,f,0,f,g,160.0,10,0,0,0.0279,0,0.0342,621
b,22.67,0.165,u,g,c,j,2.25,f,f,0,t,s,0.0,0,1,0,0.3158,0,0.2088,622
a,25.58,0.0,,,,,0.0,f,f,0,f,p,,0,1,0,0.3158,0,0.0796,623
b,18.83,0.0,u,g,q,v,0.665,f,f,0,f,g,160.0,1,0,0,0.3158,0,0.0563,624
b,21.58,0.79,y,p,cc,v,0.665,f,f,0,f,g,160.0,0,0,0,0.0279,0,0.0475,625
b,23.75,12.0,u,g,c,v,2.085,f,f,0,f,s,80.0,0,0,0,0.1186,0,0.1404,626
b,22.0,7.835,y,p,i,bb,0.165,f,f,0,t,g,,0,0,0,0.0279,0,0.028,627
b,36.08,2.54,u,g,ff,ff,0.0,f,f,0,f,g,0.0,1000,0,0,0.0279,0,0.0407,628
b,29.25,13.0,u,g,d,h,0.5,f,f,0,f,g,228.0,0,0,0,0.0279,0,0.062,629
a,19.58,0.665,u,g,w,v,1.665,f,f,0,f,g,220.0,5,0,0,0.1186,0,0.0995,630
a,22.92,1.25,u,g,q,v,0.25,f,f,0,t,g,120.0,809,0,0,0.0279,0,0.0711,631
a,27.25,0.29,u,g,m,h,0.125,f,t,1,t,g,272.0,108,0,0,0.0279,0,0.1009,632
a,38.75,1.5,u,g,ff,ff,0.0,f,f,0,f,g,76.0,0,0,0,0.0279,0,0.0315,633
b,32.42,2.165,y,p,k,ff,0.0,f,f,0,f,g,120.0,0,0,0,0.0279,0,0.0258,634
a,23.75,0.71,u,g,w,v,0.25,f,t,1,t,g,240.0,4,0,0,0.0279,0,0.1752,635
b,18.17,2.46,u,g,c,n,0.96,f,t,2,t,g,160.0,587,0,0,0.0279,0,0.351,636
b,40.92,0.5,y,p,m,v,0.5,f,f,0,t,g,130.0,0,0,0,0.0279,0,0.0594,637
b,19.5,9.585,u,g,aa,v,0.79,f,f,0,f,g,80.0,350,0,0,0.0279,0,0.1206,638
b,28.58,3.625,u,g,aa,v,0.25,f,f,0,t,g,100.0,0,0,0,0.0279,0,0.0833,639
b,35.58,0.75,u,g,k,v,1.5,f,f,0,t,g,231.0,0,0,0,0.1186,0,0.0599,640
b,34.17,2.75,u,g,i,bb,2.5,f,f,0,t,g,232.0,200,0,0,0.1186,0,0.0467,641
,33.17,2.25,y,p,cc,v,3.5,f,f,0,t,g,200.0,141,0,0,0.1186,0,0.0665,642
b,31.58,0.75,y,p,aa,v,3.5,f,f,0,t,g,320.0,0,0,0,0.1186,0,0.0864,643
a,52.5,7.0,u,g,aa,h,3.0,f,f,0,f,g,0.0,0,0,0,0.1186,0,0.2783,644
b,36.17,0.42,y,p,w,v,0.29,f,f,0,t,g,309.0,2,0,0,0.0279,0,0.0885,645
b,37.33,2.665,u,g,cc,v,0.165,f,f,0,t,g,0.0,501,0,0,0.0279,0,0.0651,646
a,20.83,8.5,u,g,c,v,0.165,f,f,0,f,g,0.0,351,0,0,0.0279,0,0.1079,647
b,24.08,9.0,u,g,aa,v,0.25,f,f,0,t,g,0.0,0,0,0,0.0279,0,0.1017,648
b,25.58,0.335,u,g,k,h,3.5,f,f,0,t,g,340.0,0,0,0,0.1186,0,0.0557,649
a,35.17,3.75,u,g,ff,ff,0.0,f,t,6,f,g,0.0,200,0,0,0.0279,0,0.2391,650
b,48.08,3.75,u,g,i,bb,1.0,f,f,0,f,g,100.0,2,0,0,0.0279,0,0.037,651
a,15.83,7.625,u,g,q,v,0.125,f,t,1,t,g,0.0,160,0,0,0.0279,0,0.2234,652
a,22.5,0.415,u,g,i,v,0.335,f,f,0,t,s,144.0,0,0,0,0.0279,0,0.0257,653
b,21.5,11.5,u,g,i,v,0.5,t,f,0,t,g,100.0,68,0,0,0.4471,0,0.4846,654
a,23.58,0.83,u,g,q,v,0.415,f,t,1,t,g,200.0,11,0,0,0.0279,0,0.1229,655
a,21.08,5.0,y,p,ff,ff,0.0,f,f,0,f,g,0.0,0,0,0,0.0279,0,0.0284,656
b,25.67,3.25,u,g,c,h,2.29,f,t,1,t,g,416.0,21,0,0,0.1186,0,0.3191,657
a,38.92,1.665,u,g,aa,v,0.25,f,f,0,f,g,0.0,390,0,0,0.0279,0,0.1047,658
a,15.75,0.375,u,g,c,v,1.0,f,f,0,f,g,120.0,18,0,0,0.0279,0,0.0951,659
a,28.58,3.75,u,g,c,v,0.25,f,t,1,t,g,40.0,154,0,0,0.0279,0,0.2202,660
b,22.25,9.0,u,g,aa,v,0.085,f,f,0,f,g,0.0,0,0,0,0.0279,0,0.1068,661
b,29.83,3.5,u,g,c,v,0.165,f,f,0,f,g,216.0,0,0,0,0.0279,0,0.0672,662
a,23.5,1.5,u,g,w,v,0.875,f,f,0,t,g,160.0,0,0,0,0.0279,0,0.1222,663
b,32.08,4.0,y,p,cc,v,1.5,f,f,0,t,g,120.0,0,0,0,0.1186,0,0.0544,664
b,31.08,1.5,y,p,w,v,0.04,f,f,0,f,s,160.0,0,0,0,0.0279,0,0.0563,665
b,31.83,0.04,y,p,m,v,0.04,f,f,0,f,g,0.0,0,0,0,0.3158,0,0.0467,666
a,21.75,11.75,u,g,c,v,0.25,f,f,0,t,g,180.0,0,0,0,0.0279,0,0.096,667
a,17.92,0.54,u,g,c,v,1.75,f,t,1,t,g,80.0,5,0,0,0.1186,0,0.2503,668
b,30.33,0.5,u,g,d,h,0.085,f,f,0,t,s,252.0,0,0,0,0.0279,0,0.0428,669
b,51.83,2.04,y,p,ff,ff,1.5,f,f,0,f,g,120.0,1,0,0,0.1186,0,0.0203,670
b,47.17,5.835,u,g,w,v,5.5,f,f,0,f,g,465.0,150,0,0,0.1186,0,0.3292,671
b,25.83,12.835,u,g,cc,v,0.5,f,f,0,f,g,0.0,2,0,0,0.0279,0,0.0879,672
a,50.25,0.835,u,g,aa,v,0.5,f,f,0,t,g,240.0,117,0,0,0.0279,0,0.0877,673
,29.5,2.0,y,p,e,h,2.0,f,f,0,f,g,256.0,17,0,0,0.1186,0,0.0262,674
a,37.33,2.5,u,g,i,h,0.21,f,f,0,f,g,260.0,246,0,0,0.0279,0,0.0229,675
a,41.58,1.04,u,g,aa,v,0.665,f,f,0,f,g,240.0,237,0,0,0.0279,0,0.0966,676
a,30.58,10.665,u,g,q,h,0.085,f,t,12,t,g,129.0,3,0,0,0.0279,1,0.7426,677
b,19.42,7.25,u,g,m,v,0.04,f,t,1,f,g,100.0,1,0,0,0.0279,0,0.1503,678
a,17.92,10.21,u,g,ff,ff,0.0,f,f,0,f,g,0.0,50,0,0,0.0279,0,0.0634,679
a,20.08,1.25,u,g,c,v,0.0,f,f,0,f,g,0.0,0,0,0,0.0279,0,0.0879,680
b,19.5,0.29,u,g,k,v,0.29,f,f,0,f,g,280.0,364,0,0,0.0279,0,0.0316,681
b,27.83,1.0,y,p,d,h,3.0,f,f,0,f,g,176.0,537,0,0,0.1186,0,0.0553,682
b,17.08,3.29,u,g,i,v,0.335,f,f,0,t,g,140.0,2,0,0,0.0279,0,0.0385,683
b,36.42,0.75,y,p,d,v,0.585,f,f,0,f,g,240.0,3,0,0,0.0279,0,0.0385,684
b,40.58,3.29,u,g,m,v,3.5,f,f,0,t,s,400.0,0,0,0,0.1186,0,0.0601,685
b,21.08,10.085,y,p,e,h,1.25,f,f,0,f,g,260.0,0,0,0,0.0279,0,0.03,686
a,22.67,0.75,u,g,c,v,2.0,f,t,2,t,g,200.0,394,0,0,0.1186,0,0.286,687
a,25.25,13.5,y,p,ff,ff,2.0,f,t,1,t,g,200.0,1,0,0,0.1186,0,0.0886,688
b,17.92,0.205,u,g,aa,v,0.04,f,f,0,f,g,280.0,750,0,0,0.0279,0,0.0934,689
b,35.0,3.375,u,g,c,h,8.29,f,f,0,t,g,0.0,0,0,0,0.1186,0,0.4395,690
